employee_id,age,service_years,salary
E001,35,9,114829.0
E002,37,7,68755.0
E003,30,8,65718.0
E004,39,2,116463.0
E005,49,4,48968.0
E006,31,10,66581.0
E007,55,26,136123.0
E008,41,16,135219.0
E009,35,12,88550.0
E010,47,24,66151.0
E011,53,28,61070.0
E012,52,11,151858.0
E013,40,1,75249.0
E014,43,8,71034.0
E015,42,7,68888.0
E016,42,19,77536.0
E017,26,4,127476.0
E018,35,6,91138.0
E019,41,15,72398.0
E020,33,12,139804.0
E021,38,15,148960.0
E022,46,17,132959.0
E023,54,0,89920.0
E024,26,4,140046.0
E025,55,24,114922.0
E026,33,4,41478.0
E027,25,3,159255.0
E028,55,29,82191.0
E029,27,2,57630.0
E030,28,6,115455.0
E031,45,5,117815.0
E032,59,3,66643.0
E033,36,7,95016.0
E034,25,1,77073.0
E035,30,6,127113.0
E036,56,18,151796.0
E037,45,18,106312.0
E038,47,6,116822.0
E039,38,8,131739.0
E040,32,1,94468.0
E041,30,8,152757.0
E042,55,7,41038.0
E043,55,14,83581.0
E044,37,16,124258.0
E045,26,5,78859.0
E046,41,11,73854.0
E047,49,4,66086.0
E048,50,23,95732.0
E049,30,0,146185.0
E050,37,8,103450.0
E051,28,3,97315.0
E052,55,24,101906.0
E053,35,5,155293.0
E054,25,1,125904.0
E055,53,27,58333.0
E056,52,26,71232.0
E057,56,2,95826.0
E058,30,3,120224.0
E059,38,4,73587.0
E060,51,28,122766.0
E061,28,7,108400.0
E062,27,3,148281.0
E063,25,4,146259.0
E064,47,3,80809.0
E065,52,30,137362.0
E066,48,11,55454.0
E067,46,12,63153.0
E068,27,1,96384.0
E069,45,24,147180.0
E070,36,11,124307.0
E071,33,0,157906.0
E072,47,10,136646.0
E073,55,0,113063.0
E074,33,5,136350.0
E075,46,12,106155.0
E076,43,11,102470.0
E077,40,5,119407.0
E078,57,3,152064.0
E079,31,9,135762.0
E080,34,1,51499.0
E081,43,20,127019.0
E082,32,11,148401.0
E083,54,28,79787.0
E084,44,13,91435.0
E085,37,1,62216.0
E086,37,5,115249.0
E087,39,18,97649.0
E088,42,20,120802.0
E089,34,8,90445.0
E090,43,19,63960.0
E091,45,1,79940.0
E092,49,28,54613.0
E093,54,16,68207.0
E094,44,10,157007.0
E095,32,7,99998.0
E096,50,14,56878.0
E097,41,1,70628.0
E098,28,0,155225.0
E099,46,0,147245.0
E100,51,28,56115.0
E101,30,0,97268.0
E102,36,1,111433.0
E103,37,16,56092.0
E104,27,5,57528.0
E105,37,1,57555.0
E106,30,2,83725.0
E107,25,1,112597.0
E108,42,4,129215.0
E109,40,6,51963.0
E110,50,6,55359.0
E111,37,0,55482.0
E112,35,3,43518.0
E113,42,20,90452.0
E114,41,16,111665.0
E115,43,5,65503.0
E116,39,10,95766.0
E117,45,23,95193.0
E118,35,5,71471.0
E119,60,17,155766.0
E120,28,0,55808.0
E121,31,0,154386.0
E122,49,1,147976.0
E123,35,0,129698.0
E124,35,5,141748.0
E125,35,12,43916.0
E126,51,16,121951.0
E127,50,24,67430.0
E128,57,17,72911.0
E129,55,4,64514.0
E130,29,4,99512.0
E131,50,8,103111.0
E132,57,9,91044.0
E133,44,18,45649.0
E134,47,14,115247.0
E135,38,13,70056.0
E136,25,3,102159.0
E137,56,19,150963.0
E138,59,21,141996.0
E139,49,4,42176.0
E140,59,18,127653.0
E141,37,4,92886.0
E142,37,11,91697.0
E143,45,15,85532.0
E144,54,15,153613.0
E145,30,5,79033.0
E146,25,3,140557.0
E147,45,20,75268.0
E148,26,5,123716.0
E149,56,26,83845.0
E150,40,13,123449.0
E151,25,1,55195.0
E152,32,0,90608.0
E153,56,25,58185.0
E154,36,13,61055.0
E155,38,17,92836.0
E156,25,4,113008.0
E157,37,10,104421.0
E158,55,0,59478.0
E159,53,10,146332.0
E160,25,4,74996.0
E161,39,12,81455.0
E162,29,4,131763.0
E163,54,25,124945.0
E164,49,24,94551.0
E165,39,15,57964.0
E166,45,23,138956.0
E167,28,2,111538.0
E168,41,17,57242.0
E169,25,3,81015.0
E170,55,22,152556.0
E171,46,24,54616.0
E172,29,4,110747.0
E173,26,3,49420.0
E174,40,19,85333.0
E175,49,25,59719.0
E176,33,3,117503.0
E177,33,12,152163.0
E178,40,8,85197.0
E179,52,4,126546.0
E180,54,19,124542.0
