accident_month,dev_1,dev_2,dev_3,dev_4,dev_5,dev_6,dev_7,dev_8,dev_9,dev_10,dev_11,dev_12
M01,313591.4921143396,526385.7189062128,694381.1611103233,817577.8187266709,907175.3879021966,974373.5647838408,1019172.3493716036,1052771.4378124257,1080770.6781797775,1099810.1616295765,1113249.7970059053,1119969.6146940698
M02,284312.20675694576,477238.3470563017,629548.4578189512,741242.5390448942,822474.5981183073,883398.642423367,924014.6719600736,954476.6941126034,979861.712573045,997123.5251261453,1009308.3339871573,
M03,367369.5055642195,616655.9557685112,813461.0480350574,957784.7823638578,1062747.4982393493,1141469.5351459677,1193950.8930837133,1233311.9115370223,1266112.7602481134,1288417.3373716555,,
M04,359127.16484012484,602820.5981244951,795210.1507174192,936295.8226188968,1038903.5840017897,1115859.405038959,1167163.2857304057,1205641.1962489903,1237706.1216811445,,,
M05,302207.6063359778,507277.05349253415,669173.9854582365,787898.4022330849,874243.432614793,939002.2054010738,982174.7205919279,1014554.1069850683,,,,
M06,375372.9066231731,630090.236117469,831182.8646655974,978650.7922675583,1085900.1941598936,1166337.2455791447,1219961.9465253125,,,,,
M07,404331.2801597176,678698.9345538116,895304.9774965175,1054149.408987835,1169672.6318906117,1256315.049067694,,,,,,
M08,352489.1230546779,591678.1708417807,780511.6296210724,918989.499392553,1019700.6774081754,,,,,,,
M09,343479.77346676507,576555.3340334984,760562.3555335511,895500.837966923,,,,,,,,
M10,347463.91306757514,583242.9969348582,769384.3789353449,,,,,,,,,
M11,324947.3961360456,545447.4149426479,,,,,,,,,,
M12,373098.3542754173,,,,,,,,,,,
