valuation_year,origin,development_age,factor_fit_rows,actual_next,chain_ladder_next,no_development_next
1986,1983,4,2,18735.0,19624.77241778292,16141.0
1986,1984,3,3,21266.0,20173.541622481443,15766.0
1986,1985,2,4,15836.0,13275.58774659376,9565.0
1986,1986,1,5,6445.0,4226.098723404255,1513.0
1987,1983,5,2,22214.0,21792.697924673328,18735.0
1987,1984,4,3,23425.0,25365.868020304566,21266.0
1987,1985,3,4,22169.0,20639.676287492926,15836.0
1987,1986,2,5,11702.0,9332.002296910889,6445.0
1987,1987,1,6,4020.0,1629.4273886109124,557.0
1988,1983,6,2,22863.0,23419.763058527376,22214.0
1988,1984,5,3,26083.0,27462.42509119333,23425.0
1988,1985,4,4,25955.0,25724.37771802665,22169.0
1988,1986,3,5,12935.0,15541.357667778175,11702.0
1988,1987,2,6,10946.0,6014.733969986358,4020.0
1988,1988,1,7,6947.0,4138.36731046411,1351.0
1989,1983,7,2,23466.0,23730.981972839876,22863.0
1989,1984,6,3,27067.0,27229.813386672595,26083.0
1989,1985,5,4,26180.0,29913.19259941567,25955.0
1989,1986,4,5,15852.0,15045.823247650736,12935.0
1989,1987,3,6,12314.0,14149.060587915079,10946.0
1989,1988,2,7,13112.0,11038.892962677155,6947.0
1989,1989,1,8,5395.0,10067.628048780487,3133.0
