origin,latest,ultimate,ibnr,mack_std_error
1981,18834.0,18834.0,0.0,0.0
1982,16704.0,16857.95391705069,153.9539170506905,206.220059401112
1983,23466.0,24083.37092381492,617.3709238149204,623.376672631965
1984,27067.0,28703.142163420904,1636.1421634209037,747.1752250814905
1985,26180.0,28926.736343422217,2746.736343422217,1469.4571495894306
1986,15852.0,19501.10318399638,3649.10318399638,2001.8569309318552
1987,12314.0,17749.302590295185,5435.302590295185,2209.2420936420785
1988,13112.0,24019.192509507353,10907.192509507353,5357.869297697077
1989,5395.0,16044.984100702153,10649.984100702153,6333.165865736361
1990,2063.0,18402.44252900036,16339.44252900036,24566.287910989606
