dataset,calendar,origin,age,residual
raa,1982,1981,1,-0.65185871271081763
raa,1983,1982,1,2.3131310956154656
raa,1984,1983,1,-0.1379704192597476
raa,1985,1984,1,-0.50017782429349733
raa,1986,1985,1,1.1694700670575124
raa,1987,1986,1,0.30433283702728459
raa,1988,1987,1,0.60389403006329079
raa,1989,1988,1,0.48696811796984124
raa,1990,1989,1,-0.46266320359445223
raa,1983,1981,2,-0.89556224616006408
raa,1984,1982,2,-0.74313091749416604
raa,1985,1983,2,-0.24927153897363338
raa,1986,1984,2,-0.93078528487427958
raa,1987,1985,2,0.10282196944868495
raa,1988,1986,2,0.49036189882179271
raa,1989,1987,2,2.1673048699266126
raa,1990,1988,2,0.70253237095158061
raa,1984,1981,3,-0.80251366283992043
raa,1985,1982,3,2.0377822469671729
raa,1986,1983,3,-0.52627446442509696
raa,1987,1984,3,0.41282129559814651
raa,1988,1985,3,0.68504811355386308
raa,1989,1986,3,-0.73367816184628465
raa,1990,1987,3,-0.62228743014428189
raa,1985,1981,4,-0.36779558048642186
raa,1986,1982,4,1.6875563766205341
raa,1987,1983,4,-0.19542096216008506
raa,1988,1984,4,-1.484003387722681
raa,1989,1985,4,-0.019463889348613296
raa,1990,1986,4,0.84192932837061307
raa,1986,1981,5,0.93963023131096612
raa,1987,1982,5,0.21430623983236888
raa,1988,1983,5,1.0102053305002223
raa,1989,1984,5,0.0013483019283775301
raa,1990,1985,5,-1.8091460074417511
raa,1987,1981,6,1.5833277458873343
raa,1988,1982,6,-1.0573998685430936
raa,1989,1983,6,-0.34904235832455771
raa,1990,1984,6,-0.12956700608940827
raa,1988,1981,7,-0.00033777066462142456
raa,1989,1982,7,1.2823293691610878
raa,1990,1983,7,-1.1656855985298071
raa,1989,1981,8,-1.0000000000000058
raa,1990,1982,8,0.99999999999999178
genins,2002,2001,1,-0.54948250818150213
genins,2003,2002,1,0.031309946451023023
genins,2004,2003,1,1.3498045223397213
genins,2005,2004,1,1.5751481529755018
genins,2006,2005,1,-1.654549649422393
genins,2007,2006,1,-0.20940171186661072
genins,2008,2007,1,-1.0110207666537256
genins,2009,2008,1,0.73367895815371187
genins,2010,2009,1,0.20930817920838146
genins,2003,2001,2,-1.1834201245887759
genins,2004,2002,2,0.049802061462928288
genins,2005,2003,2,-0.19164112391070773
genins,2006,2004,2,-1.323046172701789
genins,2007,2005,2,0.73106230263277661
genins,2008,2006,2,-0.71153208061498174
genins,2009,2007,2,0.81717645412574014
genins,2010,2008,2,1.7741450053352916
genins,2004,2001,3,-1.224569395746091
genins,2005,2002,3,0.68306449533570779
genins,2006,2003,3,0.006645197753261326
genins,2007,2004,3,1.9905995763967697
genins,2008,2005,3,-0.73682173567565656
genins,2009,2006,3,-0.68797099777289916
genins,2010,2007,3,-0.14937615571746982
genins,2005,2001,4,0.82305890323892816
genins,2006,2002,4,-0.67238114958672335
genins,2007,2003,4,0.9359789325697796
genins,2008,2004,4,-1.7864044336139304
genins,2009,2005,4,0.0055035767603425646
genins,2010,2006,4,0.95874210113446157
genins,2006,2001,5,1.6190241530435969
genins,2007,2002,5,-0.36208812138523377
genins,2008,2003,5,-1.2934012226702145
genins,2009,2004,5,-0.32025142509546295
genins,2010,2005,5,0.60306316097359935
genins,2007,2001,6,-0.95480128370539541
genins,2008,2002,6,1.0897892238138307
genins,2009,2003,6,0.88075487869004665
genins,2010,2004,6,-1.0647405811711046
genins,2008,2001,7,-1.393962019442673
genins,2009,2002,7,0.43430232270749075
genins,2010,2003,7,0.85511838976668775
genins,2009,2001,8,-0.99999999999998834
genins,2010,2002,8,1.0000000000000073
abc,1978,1977,1,-0.71821544895339084
abc,1979,1978,1,-0.38277369756655666
abc,1980,1979,1,-0.78077909443786264
abc,1981,1980,1,-1.1397197503906178
abc,1982,1981,1,-1.0293462538805425
abc,1983,1982,1,-0.81382019090328195
abc,1984,1983,1,-0.16814353273469557
abc,1985,1984,1,0.7174115232960564
abc,1986,1985,1,1.8171305767650447
abc,1987,1986,1,1.4565167618290336
abc,1979,1977,2,-0.68108626993559263
abc,1980,1978,2,-0.77195997973376895
abc,1981,1979,2,-0.57497649023853137
abc,1982,1980,2,-0.77468121660201161
abc,1983,1981,2,-0.61522155695438285
abc,1984,1982,2,-0.97514731663433607
abc,1985,1983,2,0.24233930234162343
abc,1986,1984,2,1.440011456300305
abc,1987,1985,2,1.9581631985261101
abc,1980,1977,3,-0.77160399994894235
abc,1981,1978,3,-0.73585552867083581
abc,1982,1979,3,-0.72117751735279934
abc,1983,1980,3,0.12251340090860466
abc,1984,1981,3,-1.3500254918034393
abc,1985,1982,3,0.20687093887158067
abc,1986,1983,3,1.1038667864050358
abc,1987,1984,3,1.8367643935633833
abc,1981,1977,4,-0.48733559628583761
abc,1982,1978,4,-0.54659106360482346
abc,1983,1979,4,-0.6060787074410503
abc,1984,1980,4,-1.0990024103280038
abc,1985,1981,4,-0.3775279631776971
abc,1986,1982,4,1.1699951938004982
abc,1987,1983,4,1.8528144355957301
abc,1982,1977,5,-0.38159003292702459
abc,1983,1978,5,-0.68844286872597782
abc,1984,1979,5,-0.75099297040155766
abc,1985,1980,5,-0.2446139445483444
abc,1986,1981,5,-0.20536634886889152
abc,1987,1982,5,2.1854302459724813
abc,1983,1977,6,-0.14712834037101061
abc,1984,1978,6,-0.55163350211729734
abc,1985,1979,6,-1.4448226594643589
abc,1986,1980,6,0.51617410071857373
abc,1987,1981,6,1.5608076147291861
abc,1984,1977,7,-0.85737858731998495
abc,1985,1978,7,-1.0318055027180408
abc,1986,1979,7,0.28321163579375869
abc,1987,1980,7,1.4652027357413904
abc,1985,1977,8,-1.3852200069186997
abc,1986,1978,8,0.35372999863432525
abc,1987,1979,8,0.93613135938760894
abc,1986,1977,9,-1.0000000000001723
abc,1987,1978,9,0.99999999999989253
ukmotor,2008,2007,1,0.59593033982168941
ukmotor,2009,2008,1,0.87622799789168782
ukmotor,2010,2009,1,0.34883171701940063
ukmotor,2011,2010,1,-2.1515377907985909
ukmotor,2012,2011,1,0.33940657591915663
ukmotor,2013,2012,1,0.061485705693367462
ukmotor,2009,2007,2,1.4734605769036726
ukmotor,2010,2008,2,0.39214256114053686
ukmotor,2011,2009,2,-1.4631652572241296
ukmotor,2012,2010,2,-0.6296229544279478
ukmotor,2013,2011,2,0.34022545541001781
ukmotor,2010,2007,3,1.5711273959688365
ukmotor,2011,2008,3,-1.1230517789527039
ukmotor,2012,2009,3,0.064446504331538812
ukmotor,2013,2010,3,-0.46159302352178083
ukmotor,2011,2007,4,0.25509533725254252
ukmotor,2012,2008,4,-1.3418302361015337
ukmotor,2013,2009,4,1.0759231201990009
ukmotor,2012,2007,5,-0.99999999999997535
ukmotor,2013,2008,5,0.99999999999997513
usaa_paid,2001,2000,1,0.19443191550523134
usaa_paid,2002,2001,1,0.73554873131214438
usaa_paid,2003,2002,1,0.74453106641022948
usaa_paid,2004,2003,1,1.2979556514717712
usaa_paid,2005,2004,1,0.85089112282182289
usaa_paid,2006,2005,1,0.4441731654195637
usaa_paid,2007,2006,1,-0.41841496997220629
usaa_paid,2008,2007,1,-1.1496555887481315
usaa_paid,2009,2008,1,-1.9771517832559946
usaa_paid,2002,2000,2,1.334490195013085
usaa_paid,2003,2001,2,0.93384484865890161
usaa_paid,2004,2002,2,1.0643093621118722
usaa_paid,2005,2003,2,0.71864296573567432
usaa_paid,2006,2004,2,-0.19490078435390412
usaa_paid,2007,2005,2,-0.53954882865887666
usaa_paid,2008,2006,2,-1.3904824011304091
usaa_paid,2009,2007,2,-1.1938454226084536
usaa_paid,2003,2000,3,0.49923479578689667
usaa_paid,2004,2001,3,1.4370766828233446
usaa_paid,2005,2002,3,0.99695261043014316
usaa_paid,2006,2003,3,0.63896138895280719
usaa_paid,2007,2004,3,-0.78564125351986169
usaa_paid,2008,2005,3,-1.2084552369164285
usaa_paid,2009,2006,3,-1.1079693764205312
usaa_paid,2004,2000,4,1.8395816575264208
usaa_paid,2005,2001,4,0.876580209971632
usaa_paid,2006,2002,4,-0.19274001147650718
usaa_paid,2007,2003,4,-0.44180430428615869
usaa_paid,2008,2004,4,-0.92482063267989389
usaa_paid,2009,2005,4,-0.79558928344869018
usaa_paid,2005,2000,5,1.6622082138611656
usaa_paid,2006,2001,5,0.56786232758312938
usaa_paid,2007,2002,5,-0.11778221518662541
usaa_paid,2008,2003,5,-1.073874522647853
usaa_paid,2009,2004,5,-0.81800727628422143
usaa_paid,2006,2000,6,1.2562467146420095
usaa_paid,2007,2001,6,-0.12759899326987564
usaa_paid,2008,2002,6,0.4666771828233004
usaa_paid,2009,2003,6,-1.4866299823320619
usaa_paid,2007,2000,7,0.73632985422536779
usaa_paid,2008,2001,7,-1.4111937965605086
usaa_paid,2009,2002,7,0.68033647555033128
usaa_paid,2008,2000,8,-1.0000000000000011
usaa_paid,2009,2001,8,1.0000000000000009
usaa_incurred,2001,2000,1,0.13768617439597861
usaa_incurred,2002,2001,1,0.46437416523528396
usaa_incurred,2003,2002,1,0.56877453942498335
usaa_incurred,2004,2003,1,0.79683909809560138
usaa_incurred,2005,2004,1,0.82340442923751267
usaa_incurred,2006,2005,1,-0.30961569087831375
usaa_incurred,2007,2006,1,-1.255143385142391
usaa_incurred,2008,2007,1,1.1987594964610384
usaa_incurred,2009,2008,1,-2.03874334788649
usaa_incurred,2002,2000,2,0.24079829618276985
usaa_incurred,2003,2001,2,0.98821039574044101
usaa_incurred,2004,2002,2,0.78417708049694501
usaa_incurred,2005,2003,2,1.0074120476623207
usaa_incurred,2006,2004,2,0.09968307298327099
usaa_incurred,2007,2005,2,0.3247204003785874
usaa_incurred,2008,2006,2,-2.1375500917658123
usaa_incurred,2009,2007,2,-0.88095025345587274
usaa_incurred,2003,2000,3,0.91240658704302524
usaa_incurred,2004,2001,3,0.73962516184699456
usaa_incurred,2005,2002,3,0.5282178191801189
usaa_incurred,2006,2003,3,0.3282539943654097
usaa_incurred,2007,2004,3,-0.85400477952003939
usaa_incurred,2008,2005,3,-2.0217795612888381
usaa_incurred,2009,2006,3,0.74410045209263864
usaa_incurred,2004,2000,4,1.2192621956640954
usaa_incurred,2005,2001,4,0.8503208899931316
usaa_incurred,2006,2002,4,0.16412943115378797
usaa_incurred,2007,2003,4,-1.486962092243753
usaa_incurred,2008,2004,4,-1.1014849496808479
usaa_incurred,2009,2005,4,0.56720971914116636
usaa_incurred,2005,2000,5,1.2215435731682143
usaa_incurred,2006,2001,5,0.59235369644116653
usaa_incurred,2007,2002,5,-0.62994025972347101
usaa_incurred,2008,2003,5,-1.5746288185326136
usaa_incurred,2009,2004,5,0.52092791942957184
usaa_incurred,2006,2000,6,1.3608834688406382
usaa_incurred,2007,2001,6,-1.0359402835021987
usaa_incurred,2008,2002,6,-0.83374690867349477
usaa_incurred,2009,2003,6,0.55794744001219143
usaa_incurred,2007,2000,7,-1.285495472259454
usaa_incurred,2008,2001,7,1.1199389154569566
usaa_incurred,2009,2002,7,0.13003635664352384
usaa_incurred,2008,2000,8,1.0000000000000349
usaa_incurred,2009,2001,8,-1.0000000000000351
