dataset,calendar,size,mean,std
abc,1978,1,-0.71821544895339084,
abc,1979,2,-0.5319299837510747,0.210938842835348
abc,1980,3,-0.77478102470685795,0.0051975292952803004
abc,1981,4,-0.7344718413964556,0.28910371439040061
abc,1982,5,-0.6906772168734403,0.24442757811400892
abc,1983,6,-0.45802971058118319,0.36331662160389072
abc,1984,7,-0.82176054447704494,0.38425575688522584
abc,1985,8,-0.41467103903973507,0.80302282273010595
abc,1986,9,0.60875037772760854,0.87619623540955482
abc,1987,9,1.5835367494827572,0.42272301453848848
genins,2002,1,-0.54948250818150213,
genins,2003,2,-0.57605508906887648,0.85894387054345844
genins,2004,3,0.058345729352186147,1.2872082245021104
genins,2005,4,0.7224076069098575,0.72441472585347078
genins,2006,5,-0.40486152418280941,1.298248938551247
genins,2007,6,0.35522494910701435,1.0679409267589794
genins,2008,7,-0.83476471926533591,0.92991221754459819
genins,2009,8,0.1078992209461227,0.72241334211137442
genins,2010,8,0.52328251244123181,0.85947562962567192
raa,1982,1,-0.65185871271081763,
raa,1983,2,0.70878442472770076,2.2688888207176015
raa,1984,3,-0.56120499986461136,0.36773252545298585
raa,1985,4,0.23013432580340504,1.2094484968344363
raa,1986,5,0.46791938513792725,1.1343494872739579
raa,1987,6,0.40369818760562232,0.61429995326658748
raa,1988,7,0.035395478001253255,0.94925754240114535
raa,1989,8,0.22947078118330719,1.0568117224386582
raa,1990,8,-0.2056109433096894,1.0081176611983964
ukmotor,2008,1,0.59593033982168941,
ukmotor,2009,2,1.1748442873976801,0.42230720656490506
ukmotor,2010,3,0.77070055804292481,0.69352815332809448
ukmotor,2011,4,-1.1206648724307204,1.0120486383697842
ukmotor,2012,5,-0.51352002205575231,0.7067123809754301
ukmotor,2013,5,0.40320825155611606,0.64755850350403621
usaa_incurred,2001,1,0.13768617439597861,
usaa_incurred,2002,2,0.35258623070902689,0.15809201311670829
usaa_incurred,2003,3,0.82313050740281657,0.22351571127711353
usaa_incurred,2004,4,0.8849758840259091,0.22420426877707611
usaa_incurred,2005,5,0.8861797518482597,0.25521045557569222
usaa_incurred,2006,6,0.37261466215099331,0.56750759374954707
usaa_incurred,2007,7,-0.88896655314467421,0.6071619176731069
usaa_incurred,2008,8,-0.54381148975294713,1.4327801107893454
usaa_incurred,2009,8,-0.17493396425291322,1.0115564879517327
usaa_paid,2001,1,0.19443191550523134,
usaa_paid,2002,2,1.0350194631626146,0.42351557051673155
usaa_paid,2003,3,0.72587023695200925,0.21790512713427218
usaa_paid,2004,4,1.4097308384833522,0.32523284510474992
usaa_paid,2005,5,1.0210550245640877,0.37179971669751644
usaa_paid,2006,6,0.41993380012784981,0.55195172568171891
usaa_paid,2007,7,-0.24206581580974809,0.49002925786084073
usaa_paid,2008,8,-0.96147562448249069,0.60211360412103165
usaa_paid,2009,8,-0.71235708109995266,1.0335373346342762
