dataset,scope,method,observations,chain_ladder_mae,no_development_mae,covered80,covered95,upper95_exceeded,mean_width80_scaled,mean_width95_scaled,mean_score80_scaled,mean_score95_scaled
abc,cell,mack_lognormal,26,16644.964724765159,157929.23076923078,2,8,16,0.031046135092426194,0.047487886753389517,0.21963746670360262,0.53728622817725558
abc,cell,mack_normal,26,16644.964724765159,157929.23076923078,2,8,16,0.031052016643933592,0.047489961313874285,0.2202628986021215,0.54354050162325407
abc,eligible_diagonal,mack_lognormal,4,99866.36654291919,1026540,1,1,3,0.010008953217559702,0.015307453302911994,0.1507673534325944,0.49111497736795823
abc,eligible_diagonal,mack_normal,4,99866.36654291919,1026540,1,1,3,0.010009021451222648,0.015307477351915236,0.15080705601741753,0.49182145551306888
genins,cell,mack_lognormal,22,215171.8193533766,756082.81818181823,17,20,3,0.58899455900533804,0.91238923085223467,0.74518087170844816,0.9535898935617737
genins,cell,mack_normal,22,215171.8193533766,756082.81818181823,17,21,3,0.59900301440872084,0.91609605609050471,0.76041300345593787,0.98110552601622425
genins,eligible_diagonal,mack_lognormal,4,860434.04376159701,4158455.5,2,3,1,0.14664465816102654,0.2244505880529378,0.35470715216863324,0.31750011110068316
genins,eligible_diagonal,mack_normal,4,860434.04376159701,4158455.5,2,3,1,0.14679511367310841,0.22450375282674706,0.35564453719795575,0.27635189241292774
raa,cell,mack_lognormal,22,1885.2107114653436,3425.4545454545455,15,19,3,1.4746298850600388,3.26338187769462,2.3405390840413642,4.4482841068868462
raa,cell,mack_normal,22,1885.2107114653436,3425.4545454545455,16,19,3,3.0660476747483854,4.6891152716402162,3.60579148955342,6.0401774791073253
raa,eligible_diagonal,mack_lognormal,4,5242.423890430151,18840,4,4,0,0.36977498908804785,0.56988305428702257,0.36977498908804785,0.56988305428702257
raa,eligible_diagonal,mack_normal,4,5242.423890430151,18840,4,4,0,0.37351731751676814,0.57124544155488355,0.37351731751676814,0.57124544155488355
ukmotor,cell,mack_lognormal,9,208.5992836948038,2457.6666666666665,7,7,0,0.10794245246240845,0.16516990779573668,0.25243379416712997,0.60625279926222664
ukmotor,cell,mack_normal,9,208.5992836948038,2457.6666666666665,7,7,0,0.10801571361967582,0.16519577842269001,0.25214636884999142,0.60015300735274235
ukmotor,eligible_diagonal,mack_lognormal,3,471.72168194790112,7373,2,2,0,0.066306996934372961,0.10142534677754193,0.26993868688959233,0.7144520579198369
ukmotor,eligible_diagonal,mack_normal,3,471.72168194790112,7373,2,2,0,0.066321908165952861,0.10143060559252755,0.26957599114043312,0.70794626703799191
usaa_incurred,cell,mack_lognormal,22,51206.951559267,75893.227272727279,9,12,0,0.044456618212165538,0.068012675312708173,0.19560810467639064,0.46900365860929799
usaa_incurred,cell,mack_normal,22,51206.951559267,75893.227272727279,9,12,0,0.044475443422496097,0.068019320991971097,0.19523722223235679,0.46025904280023988
usaa_incurred,eligible_diagonal,mack_lognormal,4,212204.88016757299,417412.75,0,1,0,0.021791661898357961,0.03332862435537462,0.19501618591862466,0.57729247762786773
usaa_incurred,eligible_diagonal,mack_normal,4,212204.88016757299,417412.75,1,1,0,0.021792642008312477,0.03332896983050096,0.19484778403883884,0.57477850568141819
usaa_paid,cell,mack_lognormal,22,35446.911847990363,150251.63636363635,11,15,0,0.059460296975701592,0.090965610246650494,0.25341881489063012,0.49176534308653141
usaa_paid,cell,mack_normal,22,35446.911847990363,150251.63636363635,11,15,0,0.059484891955122438,0.090974291624973974,0.25190445651592924,0.46908638277114745
usaa_paid,eligible_diagonal,mack_lognormal,4,194634.89938781783,826384,0,0,0,0.024401302008757859,0.037319438220155911,0.26634881368854912,0.75007072144568065
usaa_paid,eligible_diagonal,mack_normal,4,194634.89938781783,826384,0,0,0,0.024402038860626342,0.037319697936500931,0.26610313351858356,0.74577089505083727
