dataset,tail_factor,ibnr,additional_reserve,scaled_mack_std_error,additional_tail_uncertainty_estimated
raa,1,52135.22826121017,0,26909.01115564366,False
raa,1.01,54266.450543822284,2131.2222826121038,27178.101267200098,False
raa,1.0249999999999999,57463.283967740397,5328.0557065302355,27581.736434534749,False
raa,1.05,62791.339674270683,10656.111413060518,28254.461713425844,False
genins,1,18680855.611924313,0,2447094.8608346656,False
genins,1.01,19211245.06804356,530389.45611924364,2471565.8094430123,False
genins,1.0249999999999999,20006829.252222419,1325973.6402981032,2508272.2323555322,False
genins,1.05,21332802.892520532,2651947.2805962181,2569449.6038763989,False
abc,1,5277760.3576258607,0,152283.13909143989,False
abc,1.01,5432749.9012021199,154989.54357625876,153805.97048235429,False
abc,1.0249999999999999,5665234.2165665068,387473.85894064512,156090.21756872587,False
abc,1.05,6052708.0755071547,774947.71788129373,159897.29604601191,False
ukmotor,1,28655.77293245637,0,1417.267181154333,False
ukmotor,1.01,29699.05066178093,1043.2777293245647,1431.4398529658763,False
ukmotor,1.0249999999999999,31263.96725576777,2608.1943233113998,1452.6988606831912,False
ukmotor,1.05,33872.161579079198,5216.3886466228232,1488.1305402120497,False
usaa_paid,1,1964890.1330834497,0,149116.03191097351,False
usaa_paid,1.01,2091012.9244142845,126122.7913308346,150607.19223008325,False
usaa_paid,1.0249999999999999,2280197.111410534,315306.97832708515,152843.93270874783,False
usaa_paid,1.05,2595504.0897376221,630613.95665417309,156571.83350652221,False
usaa_incurred,1,-755258.40385094099,0,160799.45159213655,False
usaa_incurred,1.01,-639280.10788945109,115978.29596149069,162407.44610805792,False
usaa_incurred,1.0249999999999999,-465312.6639472153,289945.73990372545,164819.43788193996,False
usaa_incurred,1.05,-175366.92404348776,579891.47980745346,168839.42417174339,False
