employee_id,age,service_years,salary,years_to_retirement,projected_final_salary,accrued_annual_benefit,pv_at_retirement,liability_proxy
E001,35,9,114829.0,30,372436.09267895255,50278.8725116586,559019.9842372085,129344.61770044318
E002,37,7,68755.0,28,206175.84671037685,21648.463904589567,240696.009002534,61400.02038228073
E003,30,8,65718.0,35,259329.07652162042,31119.48918259445,345998.53742325015,62726.173581035306
E004,39,2,116463.0,26,322890.1485409804,9686.704456229412,107700.53308526809,30289.77707943445
E005,49,4,48968.0,16,91716.1456407692,5502.968738446152,61184.138461153794,28029.158792171722
E006,31,10,66581.0,34,252629.37627271665,37894.40644090749,421324.6923220568,80201.17738201
E007,55,26,136123.0,10,201495.29279593978,78583.16419041652,873718.0651147314,536387.1000319216
E008,41,16,135219.0,24,346607.42587249784,83185.78220939948,924891.7554520621,286779.2538506727
E009,35,12,88550.0,30,287202.8495129388,51696.51291232899,574781.8594513559,132991.5601735246
E010,47,24,66151.0,18,134009.78830880532,48243.52379116991,536390.1886032475,222881.2024329141
E011,53,28,61070.0,12,97775.03758792831,41065.515786929886,456582.31462090305,254242.1172590377
E012,52,11,151858.0,13,252854.73267314103,41721.030891068265,463870.5855163516,246000.4754356552
E013,40,1,75249.0,25,200601.51810809702,3009.0227716214554,33455.48096710369,9879.49625806744
E014,43,8,71034.0,22,168344.81143576247,20201.377372291496,224606.74028857137,76781.78521283442
E015,42,7,68888.0,23,169789.3243375606,17827.879055443864,198217.26643226043,64533.85426381977
E016,42,19,77536.0,23,191104.18435485277,54464.69254113304,605559.5530462348,197152.81442297864
E017,26,4,127476.0,39,588475.8707373589,35308.55224424153,392574.1635204268,58551.63815625579
E018,35,6,91138.0,30,295596.76226889004,26603.708604200103,295790.3393940015,68439.21406603436
E019,41,15,72398.0,24,185578.09492983308,41755.07135921244,464249.0606295509,143948.73608008813
E020,33,12,139804.0,32,490440.64504402864,88279.31610792514,981523.6387347522,205988.60347016863
E021,38,15,148960.0,27,429506.58310133714,96638.98119780085,1074469.634007161,287794.8852856185
E022,46,17,132959.0,19,280124.55959094287,71431.76269569043,794206.0126133806,314294.2880579088
E023,54,0,89920.0,11,138427.70874385184,0.0,0.0,0.0
E024,26,4,140046.0,39,646503.5912115548,38790.215472693286,431284.6442026867,64325.227628973276
E025,55,24,114922.0,10,170112.63371138598,61240.54813609895,680896.1407354898,418011.16508227115
E026,33,4,41478.0,32,145507.26070166964,8730.435642100178,97068.3659204793,20371.365852039657
E027,25,3,159255.0,40,764586.5401020523,34406.39430459235,382543.6220224006,54338.669799791416
E028,55,29,82191.0,10,121662.75802172364,52923.29973944978,588421.7506919651,361239.91142145375
E029,27,2,57630.0,38,255808.81914570034,7674.26457437101,85325.44679481973,13362.422716569694
E030,28,6,115455.0,37,492772.31434060173,44349.50829065415,493095.0156016453,81082.3910062183
E031,45,5,117815.0,20,258147.17309648247,19361.037982236187,215263.52137542458,81130.55725260483
E032,59,3,66643.0,6,84324.65534962894,3794.609490733302,42189.93847175504,31482.781670775596
E033,36,7,95016.0,29,296321.7863584393,31113.787567636122,345935.1446591544,84043.67073021179
E034,25,1,77073.0,40,370029.062856962,5550.435942854429,61711.897230086935,8765.908548092313
E035,30,6,127113.0,35,501599.2103212626,45143.928928913636,501927.6920419245,90994.61451664088
E036,56,18,151796.0,9,216053.03987833174,58334.32076714957,648583.57888154,418082.7578594896
E037,45,18,106312.0,20,232942.68358216903,62894.52456718563,699285.6914999862,263553.4226499183
E038,47,6,116822.0,18,236659.93695955092,21299.394326359583,236814.9181909895,98401.48988910936
E039,38,8,131739.0,27,379852.09285168536,45582.25114220224,506801.1282293927,135745.83026366666
E040,32,1,94468.0,33,344655.26544490916,5169.828981673637,57480.16157629871,11488.705870943068
E041,30,8,152757.0,35,602792.7164888337,72335.12597866004,804249.955585432,145802.70394288033
E042,55,7,41038.0,10,60746.264964479014,6378.357821270296,70917.05343788293,43536.91900757459
E043,55,14,83581.0,10,123720.29757776014,25981.262491329628,288869.7423554605,177340.9633789216
E044,37,16,124258.0,28,372612.87703495024,89427.09048838806,994285.0389814556,253635.7869507319
E045,26,5,78859.0,39,364042.00547928544,27303.150410946404,303567.0043876625,45276.40137520175
E046,41,11,73854.0,24,189310.26579391546,31236.19385599605,347296.1051972738,107685.37758782206
E047,49,4,66086.0,16,123777.8386051273,7426.670316307637,82572.59790769093,37827.45850227618
E048,50,23,95732.0,15,172407.92366918814,59480.733665869906,661329.8416467475,318110.9613098792
E049,30,0,146185.0,35,576859.0196188728,0.0,0.0,0.0
E050,37,8,103450.0,28,310215.8583694056,37225.90300432867,413892.0121144376,105581.21875474098
E051,28,3,97315.0,37,415349.16435022873,18690.712395760293,207810.58179929026,34171.46455662437
E052,55,24,101906.0,10,150845.7740988888,54304.47867559997,603778.2332172327,370667.4595714826
E053,35,5,155293.0,30,503676.92952470697,37775.769714353024,420005.64323254005,97179.8341522076
E054,25,1,125904.0,40,604467.7011397368,9067.015517096052,100810.59137255413,14319.709234608936
E055,53,27,58333.0,12,93393.01240570856,37824.17002431197,420543.7766305006,234174.51080956814
E056,52,26,71232.0,13,118606.51607273362,46256.54126836611,514298.1470937681,272743.2880011394
E057,56,2,95826.0,9,136390.27773710122,4091.7083321130362,45493.198495863195,29325.321377699493
E058,30,3,120224.0,35,474414.6032401365,21348.65714580614,237362.64130359728,43031.54097397053
E059,38,4,73587.0,27,212178.4434121784,12730.706604730703,141544.92831665764,37912.57111262587
E060,51,28,122766.0,14,212590.99076640588,89288.21612189047,992740.9799703385,501401.654608384
E061,28,7,108400.0,37,462660.94040553656,48579.39874258134,540124.5764418005,88815.7266114048
E062,27,3,148281.0,38,658191.6972365711,29618.626375645697,329311.36325306253,51571.92615397373
E063,25,4,146259.0,40,702192.4760213875,42131.54856128325,468434.88002155285,66539.15214591018
E064,47,3,80809.0,18,163704.20679122384,7366.689305605072,81905.70579212678,34033.51250812792
E065,52,30,137362.0,13,228717.82711116964,102923.02220002633,1144338.0365095339,606866.8931165204
E066,48,11,55454.0,17,108018.87408057801,17823.11422329537,198164.28918238427,86458.42297303426
E067,46,12,63153.0,19,133053.84601152848,23949.692282075124,266281.95767331804,105376.81279220237
E068,27,1,96384.0,38,427830.59560192924,6417.4589340289385,71351.79475856242,11174.073842736885
E069,45,24,147180.0,20,322489.50419165887,116096.22150899719,1290802.7701478414,486489.9885320564
E070,36,11,124307.0,29,387670.20603749383,63965.583996186484,711194.1451944945,172782.0011547902
E071,33,0,157906.0,32,553943.5244794311,0.0,0.0,0.0
E072,47,10,136646.0,18,276819.723560415,41522.95853406224,461668.34031155595,191832.73109784172
E073,55,0,113063.0,10,167360.85958572276,0.0,0.0,0.0
E074,33,5,136350.0,32,478323.8101324233,35874.28575993174,398864.2079312331,83708.10230500526
E075,46,12,106155.0,19,223652.57427760845,40257.46336996952,447598.0747836378,177129.7572871636
E076,43,11,102470.0,22,242845.57856551203,40069.52046330948,445508.4527322638,152297.00713452464
E077,40,5,119407.0,25,318319.5188339186,23873.963912543895,265439.9803212634,78385.16190826846
E078,57,3,152064.0,8,208110.08408082757,9364.95378363724,104123.18445082764,70474.66973609348
E079,31,9,135762.0,34,515123.97503096313,69541.73662918003,773191.9705490211,147180.80262181102
E080,34,1,51499.0,31,173712.9975036647,2605.6949625549705,28971.126123734983,6384.062140187499
E081,43,20,127019.0,22,301024.714978167,90307.41449345008,1004072.8223355731,343242.164876996
E082,32,11,148401.0,33,541423.4031342885,89334.8615171576,993259.601546845,198525.31904445996
E083,54,28,79787.0,11,122828.42079121115,51587.936732308684,573574.6674159854,335357.228782768
E084,44,13,91435.0,21,208359.1583665913,40630.0358814853,451740.48031324625,162148.79620767638
E085,37,1,62216.0,28,186567.32570624398,2798.5098855936594,31114.917140782807,7937.217382847954
E086,37,5,115249.0,28,345597.5588324372,25919.81691243279,288186.5666032916,73514.55945061108
E087,39,18,97649.0,26,270728.9020107519,73096.80354290301,812718.5818430755,228569.57126527096
E088,42,20,120802.0,23,297742.567045436,89322.7701136308,993125.1646378355,323333.0566707847
E089,34,8,90445.0,31,305083.05130621867,36609.96615674624,407043.78760926786,89695.95530309457
E090,43,19,63960.0,22,151580.0059046565,43200.30168282709,480317.69129621633,164196.54085023527
E091,45,1,79940.0,20,175158.38405409167,2627.375760811375,29212.181638588365,11009.764031359726
E092,49,28,54613.0,16,102289.1247728992,42961.43240461766,477661.85011544154,218822.39715361292
E093,54,16,68207.0,11,105001.54281908255,25200.37027657981,280187.4801691082,163819.81671619441
E094,44,10,157007.0,21,357782.53817097825,53667.38072564673,596694.7313774127,214179.0178494066
E095,32,7,99998.0,33,364830.81290976866,38307.235355525714,425914.68413798366,85128.64957210861
E096,50,14,56878.0,15,102434.0647062224,21511.153588306704,239169.3397076676,115044.54173851566
E097,41,1,70628.0,24,181041.04655797468,2715.61569836962,30193.267451351257,9361.963343245638
E098,28,0,155225.0,37,662514.2479192751,0.0,0.0,0.0
E099,46,0,147245.0,19,310223.0069191885,0.0,0.0,0.0
E100,51,28,56115.0,14,97173.02385723137,40812.67002003717,453771.0774240062,229185.22920311376
E101,30,0,97268.0,35,383828.1842890072,0.0,0.0,0.0
E102,36,1,111433.0,29,347520.6872450952,5212.810308676428,57958.04462226445,14080.693718471011
E103,37,16,56092.0,28,168203.2665795718,40368.78397909723,448835.7804451047,114495.15171369615
E104,27,5,57528.0,38,255356.06017376107,19151.70451303208,212936.0707622935,33346.93102719163
E105,37,1,57555.0,28,172590.36953553543,2588.855543033031,28783.898933357246,7342.589470069017
E106,30,2,83725.0,35,330386.3010403949,9911.589031211846,110200.88691744125,19978.35023536999
E107,25,1,112597.0,40,540580.5196437837,8108.707794656755,90155.75483523539,12806.235708867567
E108,42,4,129215.0,23,318478.21891008434,19108.69313460506,212457.85359295027,69170.18082103846
E109,40,6,51963.0,25,138524.8532930809,12467.236796377281,138615.5689107052,40933.561699793354
E110,50,6,55359.0,15,99698.43152135739,8972.858836922163,99763.7209230541,47988.05553316487
E111,37,0,55482.0,28,166374.0575548706,0.0,0.0,0.0
E112,35,3,43518.0,30,141146.17284137855,6351.577777862034,70619.3025398196,16339.714047519603
E113,42,20,90452.0,23,222938.4503103738,66881.53509311214,743614.8192233696,242099.64770439078
E114,41,16,111665.0,24,286231.35957263754,68695.52629743301,763783.4762315543,236824.7463835361
E115,43,5,65503.0,22,155236.7905999486,11642.759294996144,129448.70862124377,44252.02435450183
E116,39,10,95766.0,26,265508.3414060735,39826.25121091102,442803.69093376375,124534.43547689481
E117,45,23,95193.0,20,208579.58535478043,71959.95694739925,800078.6809433233,301541.2403184414
E118,35,5,71471.0,30,231808.8634391784,17385.66475793838,193300.5565445504,44725.38959703546
E119,60,17,155766.0,5,189513.15599523843,48325.8547787858,537305.5764212341,420992.97851545503
E120,28,0,55808.0,37,238193.55869144082,0.0,0.0,0.0
E121,31,0,154386.0,34,585789.3225580816,0.0,0.0,0.0
E122,49,1,147976.0,16,277156.2728177272,4157.344092265907,46222.96230664768,21175.271613249482
E123,35,0,129698.0,30,420662.17025555205,0.0,0.0,0.0
E124,35,5,141748.0,30,459745.1102513839,34480.88326885379,383371.8191864802,88703.59340992264
E125,35,12,43916.0,30,142437.04505036952,25638.668109066515,285060.6452813749,65956.60481739703
E126,51,16,121951.0,14,211179.6744616096,50683.1218707863,563514.5852311959,284613.1580458388
E127,50,24,67430.0,15,121437.62057633138,43717.543407479294,486068.58518698235,233807.30031982568
E128,57,17,72911.0,8,99783.73803409892,25444.853198695226,282905.73601773597,191481.73788050053
E129,55,4,64514.0,10,95496.47979722207,5729.788787833324,63706.011647623876,39109.96488069827
E130,29,4,99512.0,36,408390.53631169954,24503.432178701973,272438.6523806641,47038.55336301154
E131,50,8,103111.0,15,185697.08579632366,22283.65029555884,247758.257388971,119175.95799731844
E132,57,9,91044.0,8,124600.00062509776,16821.000084388197,187022.39593476075,126584.11914955996
E133,44,18,45649.0,21,104023.48357058594,28086.340564058202,312274.8159430186,112088.66085240537
E134,47,14,115247.0,18,233469.27594782974,49028.547949044245,545118.391334106,226507.9509474566
E135,38,13,70056.0,27,201997.26896983938,39389.46744911868,437947.3598460767,117303.46414536376
E136,25,3,102159.0,40,490467.4663293809,22071.03598482214,245394.329108577,34857.2049108467
E137,56,19,150963.0,9,214867.42113858464,61237.21502449662,680859.0819093405,438887.8348866243
E138,59,21,141996.0,6,179670.23935035802,56596.125395362775,629257.6493052129,469561.74636292126
E139,49,4,42176.0,16,78994.8570197901,4739.6914211874055,52697.725529685136,24141.435247889116
E140,59,18,127653.0,6,161521.7686680699,43610.877540378875,484882.6327507717,361826.88612032926
E141,37,4,92886.0,28,278537.55650556413,16712.253390333848,185813.30805829703,47399.79258217919
E142,37,11,91697.0,28,274972.09825905645,45370.39621274431,504445.6430442647,128680.87382514299
E143,45,15,85532.0,20,187411.14466993455,42167.507550735274,468834.6859979497,176698.86235869277
E144,54,15,153613.0,11,236480.15595272812,53208.035089363824,591587.5486279435,345888.98736417416
E145,30,5,79033.0,35,311871.2514795524,23390.34386096643,260062.90521786007,47146.878296566036
E146,25,3,140557.0,40,674817.0564008927,30366.76753804017,337629.4865505169,47958.81078176059
E147,45,20,75268.0,20,164921.45672983953,49476.43701895185,550098.1955399722,207326.22444643077
E148,26,5,123716.0,39,571118.3346209725,42833.87509657294,476243.6185447959,71030.76722421614
E149,56,26,83845.0,9,119337.57891247941,46541.655775866966,517468.1606506944,333564.590214261
E150,40,13,123449.0,25,329094.82928579074,64173.49171072919,713505.743714917,210700.22374128792
E151,25,1,55195.0,40,264992.3335589638,3974.8850033844565,44194.311465943305,6277.6111259709005
E152,32,0,90608.0,33,330572.5144115714,0.0,0.0,0.0
E153,56,25,58185.0,9,82815.3978057441,31055.774177154035,345290.12930752087,222577.09603362405
E154,36,13,61055.0,29,190409.26439878033,37129.80655776217,412823.5745906566,100293.96870546625
E155,38,17,92836.0,27,267680.40513423557,68258.50330923007,758924.4853319501,203276.64764428325
E156,25,4,113008.0,40,542553.7391218657,32553.22434731194,361939.36045970256,51411.923407824586
E157,37,10,104421.0,28,313127.5992923316,46969.139893849744,522221.0946955256,133215.27843872417
E158,55,0,59478.0,10,88041.96957837329,0.0,0.0,0.0
E159,53,10,146332.0,12,234282.24660744597,35142.33699111689,390726.1179390511,217570.92272772174
E160,25,4,74996.0,40,360057.3430127375,21603.44058076425,240195.42224476015,34118.722638160245
E161,39,12,81455.0,26,225831.52631656028,40649.67473698085,451958.8327173701,127109.23428069
E162,29,4,131763.0,36,540746.4651101221,32444.787906607326,360733.7221001833,62283.35182460899
E163,54,25,124945.0,11,192347.08706628747,72130.1576498578,801971.0382944847,468895.85653793125
E164,49,24,94551.0,16,177092.24976475185,63753.209915310654,708832.8878827664,324724.51310553355
E165,39,15,57964.0,26,160703.43860307042,36158.273685690845,402021.6957158806,113064.87716907979
E166,45,23,138956.0,20,304469.707463352,105042.04907485643,1167898.1982830714,440168.54799921566
E167,28,2,111538.0,37,476054.20637410274,14281.626191223082,158788.65315541788,26110.512690518895
E168,41,17,57242.0,24,146728.65700673367,37415.80753671709,416003.4442806568,128989.31863848808
E169,25,3,81015.0,40,388954.68617228826,17502.960877752972,194604.70024893907,27642.757425701562
E170,55,22,152556.0,10,225820.14713000294,74520.64855290097,828549.442307592,508657.4838464353
E171,46,24,54616.0,19,115067.67459607049,41424.36285458537,460572.1153479942,182264.02569819088
E172,29,4,110747.0,36,454498.2185556696,27269.893113340175,303197.2368679296,52349.251037999835
E173,26,3,49420.0,39,228140.8071467592,10266.336321604163,114145.10473253489,17024.51024711805
E174,40,19,85333.0,25,227483.81167481618,64832.88632732261,720837.1485328885,212865.20790447324
E175,49,25,59719.0,16,111852.56701358226,41944.712630093345,466357.56575233355,213643.77423900593
E176,33,3,117503.0,32,412207.42693062074,18549.334211877933,206238.68437642988,43282.52209084724
E177,33,12,152163.0,32,533796.7430962957,96083.41375733323,1068292.619959344,224198.47693793647
E178,40,8,85197.0,25,227121.2579337339,27254.550952048066,303026.6567746371,89484.61164385671
E179,52,4,126546.0,13,210708.39205610048,12642.503523366027,140564.2522853341,74544.22412440431
E180,54,19,124542.0,11,191726.68708159248,54642.105818253855,607532.1025968746,355211.4378435291
